pos,contig,snoRNA,strand,mod,percent_hplc,error_hplc,percent_rms1,error_rms1,percent_rms2,error_rms2,percent_ms,error_ms
28,RDN18-1,snR74,+,2’-O-Methyladenosine,90,3.8,85,,99,,95,
100,RDN18-1,snR51,+,2’-O-Methyladenosine,73,2.4,77,77,80,,80,
106,RDN18-1,snR44,+,Pseudouridine,,,,,,,95,
120,RDN18-1,snR49,+,Pseudouridine,,,,,,,95,
211,RDN18-1,snR49,+,Pseudouridine,,,,,,,83,
302,RDN18-1,snR49,+,Pseudouridine,,,,,,,86,
414,RDN18-1,U14,+,2’-O-Methylcytidine,89,3.1,89,,96,,95,
420,RDN18-1,snR52,+,2’-O-Methyladenosine,98,1.5,83,,90,,95,
436,RDN18-1,snR87,+,2’-O-Methyladenosine,98,1.8,74,,89,,73,
466,RDN18-1,snR189,+,Pseudouridine,,,,,,,60,
541,RDN18-1,snR41,+,2’-O-Methyladenosine,95,3.2,87,,99,,95,
562,RDN18-1,snR40,+,2’-O-Methylguanosine,100,0,94,,92,,67,
578,RDN18-1,snR77,+,2’-O-Methyluridine,95,3.3,90,,93,,95,
619,RDN18-1,snR47,+,2’-O-Methyladenosine,98,1.2,85,,92,,100,
632,RDN18-1,snR161,+,Pseudouridine,,,,,,,84,
759,RDN18-1,snR80,+,Pseudouridine,,,,,,,95,
766,RDN18-1,snR161,+,Pseudouridine,,,,,,,95,
796,RDN18-1,snR53,+,2’-O-Methyladenosine,98,1.1,92,,97,,95,
974,RDN18-1,snR54,+,2’-O-Methyladenosine,95,3.4,91,,96,,94,
999,RDN18-1,snR31,+,Pseudouridine,,,,,,,84,
1007,RDN18-1,snR79,+,2’-O-Methylcytidine,100,0,92,,98,,95,
1126,RDN18-1,snR41,+,2’-O-Methylguanosine,100,0,94,,93,,89,
1181,RDN18-1,snR85,+,Pseudouridine,,,,,,,95,
1187,RDN18-1,snR36,+,Pseudouridine,,,,,,,95,
1191,RDN18-1,snR35_Nep1p_Tsr3,+,N1-methyl-N3-aminocarboxypropyl_pseudouridine,,,,,,,100,
1269,RDN18-1,snR55,+,2’-O-Methyluridine,95,2.1,88,,92,,95,
1271,RDN18-1,snR40,+,2’-O-Methylguanosine,100,0,92,,98,,95,
1280,RDN18-1,Kre33,+,N4-Acetylcytidine,96,1.9,,,,,84,
1290,RDN18-1,snR83,+,Pseudouridine,,,,,,,93,
1415,RDN18-1,snR83,+,Pseudouridine,,,,,,,79,
1428,RDN18-1,Gm1428,+,2’-O-Methylguanosine,100,0,95,,99,,95,
1572,RDN18-1,snR57,+,2’-O-Methylguanosine,100,0,89,,97,,100,
1575,RDN18-1,Bud23p,+,N7-Methylguanosine,72,2.8,,,,,95,
1639,RDN18-1,snR70,+,2’-O-Methylcytidine,92,2.9,93,,98,,79,
1773,RDN18-1,Kre33,+,N4-Acetylcytidine,100,0,,,,,95,
1781,RDN18-1,Dim1p,+,N6-N6-Dimethyladenosine,,,,,,,90,
1782,RDN18-1,Dim1p,+,N6-N6-Dimethyladenosine,,,,,,,90,
645,RDN25-1,Rrp8,+,N1-Methyladenosine,99,1,,,,,95,
649,RDN25-1,U18,+,2’-O-Methyladenosine,93,2.5,88,,98,,95,
650,RDN25-1,U18,+,2’-O-Methylcytidine,100,0,95,,98,,94,
663,RDN25-1,snR58,+,2’-O-Methylcytidine,81,4.3,62,,91,,74,
776,RDN25-1,snR80,+,Pseudouridine,,,,,,,100,
805,RDN25-1,snR39b,+,2’-O-Methylguanosine,90,4.7,93,,98,,95,
807,RDN25-1,snR39_snR59,+,2’-O-Methyladenosine,98,1,94,,97,,95,
817,RDN25-1,snR60,+,2’-O-Methyladenosine,98,0.8,92,,85,,89,
867,RDN25-1,snR50,+,2’-O-Methylguanosine,90,3.7,95,,95,,78,
876,RDN25-1,snR72,+,2’-O-Methyladenosine,95,2.2,89,,91,,75,
898,RDN25-1,snR40,+,2’-O-Methyluridine,94,1.8,78,,85,,94,
908,RDN25-1,snR60,+,2’-O-Methylguanosine,95,1.1,96,,96,,100,
960,RDN25-1,snR8,+,Pseudouridine,,,,,,,87,
966,RDN25-1,snR43,+,Pseudouridine,,,,,,,91,
986,RDN25-1,snR8,+,Pseudouridine,,,,,,,100,
990,RDN25-1,Y990,+,Pseudouridine,,,,,,,100,
1004,RDN25-1,snR5,+,Pseudouridine,,,,,,,85,
1042,RDN25-1,snR33,+,Pseudouridine,,,,,,,95,
1052,RDN25-1,snR81,+,Pseudouridine,,,,,,,95,
1056,RDN25-1,snR44,+,Pseudouridine,,,,,,,95,
1110,RDN25-1,snR82,+,Pseudouridine,,,,,,,70,
1124,RDN25-1,snR5,+,Pseudouridine,,,,,,,95,
1133,RDN25-1,snR61,+,2’-O-Methyladenosine,98,0.5,92,,99,,88,
1437,RDN25-1,U24,+,2’-O-Methylcytidine,100,0,92,,97,,95,
1449,RDN25-1,U24,+,2’-O-Methyladenosine,97,0.7,67,,99,,95,
1450,RDN25-1,U24,+,2’-O-Methylguanosine,100,0,94,,99,,95,
1888,RDN25-1,snR62,+,2’-O-Methyluridine,99,1.3,94,,97,,95,
2129,RDN25-1,snR3,+,Pseudouridine,,,,,,,91,
2133,RDN25-1,snR3,+,Pseudouridine,,,,,,,100,
2142,RDN25-1,Bmt2,+,N1-Methyladenosine,99,0.7,,,,,95,
2191,RDN25-1,snR32,+,Pseudouridine,,,,,,,95,
2197,RDN25-1,snR76,+,2’-O-Methylcytidine,100,0,71,,86,,91,
2220,RDN25-1,snR47,+,2’-O-Methyladenosine,98,3.1,94,,99,,93,
2256,RDN25-1,snR63,+,2’-O-Methyladenosine,98,2.3,94,,95,,100,
2258,RDN25-1,snR191,+,Pseudouridine,,,,,,,95,
2260,RDN25-1,snR191,+,Pseudouridine,,,,,,,95,
2264,RDN25-1,snR3,+,Pseudouridine,,,,,,,95,
2266,RDN25-1,snR84,+,Pseudouridine,,,,,,,95,
2278,RDN25-1,Rcm1,+,C5-Methylcytidine,100,0,,,,,100,
2280,RDN25-1,snR13,+,2’-O-Methyladenosine,99,0.6,91,,100,,100,
2281,RDN25-1,snR13,+,2’-O-Methyladenosine,99,0.9,92,,100,,100,
2288,RDN25-1,snR75,+,2’-O-Methylguanosine,100,0,95,96,96,,95,
2314,RDN25-1,snR86,+,Pseudouridine,,,,,,,100,
2337,RDN25-1,snR64,+,2’-O-Methylcytidine,100,0,94,,99,,100,
2340,RDN25-1,snR9,+,Pseudouridine,,,,,,,100,
2347,RDN25-1,snR65,+,2’-O-Methyluridine,66.37,3.7,69,,61,,77,
2349,RDN25-1,snR82,+,Pseudouridine,,,,,,,100,
2351,RDN25-1,snR82,+,Pseudouridine,,,,,,,100,
2416,RDN25-1,snR11,+,Pseudouridine,,,,,,,95,
2417,RDN25-1,snR66,+,2’-O-Methyluridine,99,0.1,95,,99,,100,
2421,RDN25-1,snR78,+,2’-O-Methyluridine,99,1.5,86,,93,,95,
2619,RDN25-1,snR67,+,2’-O-Methylguanosine,100,0,93,,96,,87,
2634,RDN25-1,Bmt5,+,N3-Methyluridine,100,0,,,,,95,
2640,RDN25-1,snR68,+,2’-O-Methyladenosine,95,3.6,90,,96,,93,
2724,RDN25-1,snR67,+,2’-O-Methyluridine,92,2.1,92,,98,,95,
2729,RDN25-1,snR51,+,2’-O-Methyluridine,89,4.3,67,,94,,75,
2735,RDN25-1,snR189,+,Pseudouridine,,,,,,,85,
2791,RDN25-1,snR48,+,2’-O-Methylguanosine,95,2.3,94,,98,,86,
2793,RDN25-1,snR48,+,2’-O-Methylguanosine,95,1.9,95,,98,,95,
2815,RDN25-1,snR38,+,2’-O-Methylguanosine,95,2,95,,99,,95,
2826,RDN25-1,snR34,+,Pseudouridine,,,,,,,87,
2843,RDN25-1,Bmt6,+,N3-Methyluridine,100,0,,,,,95,
2865,RDN25-1,snR46,+,Pseudouridine,,,,,,,95,
2870,RDN25-1,Nop2,+,C5-Methylcytidine,100,0,,,,,95,
2880,RDN25-1,snR34,+,Pseudouridine,,,,,,,100,
2921,RDN25-1,snR52,+,2’-O-Methyluridine,93,2.2,92,,99,,95,
2922,RDN25-1,Spb1,+,2’-O-Methylguanosine,97,3.5,95,,98,,95,
2923,RDN25-1,snR10,+,Pseudouridine,,,,,,,95,
2944,RDN25-1,snR37,+,Pseudouridine,,,,,,,58,
2946,RDN25-1,snR71,+,2’-O-Methyladenosine,99,0.6,92,,99,,91,
2948,RDN25-1,snR69,+,2’-O-Methylcytidine,99,0.8,77,,82,,95,
2959,RDN25-1,snR73,+,2’-O-Methylcytidine,93,4.1,95,,94,,94,
2975,RDN25-1,snR42,+,Pseudouridine,,,,,,,95,